{
  "shape": "hash",
  "dataset_target_mb": 200.0,
  "dataset_measured_mb": 200.1,
  "n_rules": 1104222,
  "alloc": 100,
  "workers": 4,
  "model": "process_refork",
  "mode": "process",
  "ruby": "ruby 4.0.5 (2026-05-20 revision 64336ffd0e) +PRISM [aarch64-linux]",
  "platform": "aarch64-linux",
  "mem_measured": true,
  "run_class": "reduced",
  "duration_s": 3.0,
  "reps": 3,
  "throughput_items_s": 22867.67227305476,
  "throughput_min_items_s": 22377.70055917886,
  "throughput_max_items_s": 22938.28717912108,
  "pss_kb": 568744,
  "pss_mb": 555.4,
  "pss_lo_mb": 555.4,
  "pss_hi_mb": 555.4,
  "private_dirty_kb": 377972,
  "private_dirty_mb": 369.1,
  "shared_clean_kb": 22068,
  "shared_clean_mb": 21.6,
  "shared_dirty_kb": 933980,
  "shared_dirty_mb": 912.1,
  "rss_kb": 1334040,
  "rss_mb": 1302.8,
  "correct": true,
  "gc_count": 24,
  "allocated_objects": 14400084,
  "startup_prep_s": 0.14786153300065052,
  "recurring_fork_s": 0.32961954200072796,
  "gens_median": 3,
  "refork_interval_p50_s": 1.17868358800024,
  "refork_interval_p95_s": 1.1883634579999125
}